<?xml version="1.0" encoding="UTF-8"?>
<project-private xmlns="http://www.netbeans.org/ns/project-private/1">
    <editor-bookmarks xmlns="http://www.netbeans.org/ns/editor-bookmarks/2" lastBookmarkId="0"/>
    <open-files xmlns="http://www.netbeans.org/ns/projectui-open-files/2">
        <group>
            <file>file:/C:/Users/ADMIN/Documents/NetBeansProjects/NhapTTSV/src/view/HomeFrm.java</file>
            <file>file:/C:/Users/ADMIN/Documents/NetBeansProjects/NhapTTSV/src/run/Run.java</file>
            <file>file:/C:/Users/ADMIN/Documents/NetBeansProjects/NhapTTSV/src/view/InputFrm.java</file>
            <file>file:/C:/Users/ADMIN/Documents/NetBeansProjects/NhapTTSV/src/view/EditFrm.java</file>
            <file>file:/C:/Users/ADMIN/Documents/NetBeansProjects/NhapTTSV/src/model/Student.java</file>
        </group>
    </open-files>
</project-private>
