<?xml version="1.0" encoding="UTF-8"?>
<project-private xmlns="http://www.netbeans.org/ns/project-private/1">
    <editor-bookmarks xmlns="http://www.netbeans.org/ns/editor-bookmarks/2" lastBookmarkId="0"/>
    <open-files xmlns="http://www.netbeans.org/ns/projectui-open-files/2">
        <group>
            <file>file:/C:/Users/ADMIN/Documents/NetBeansProjects/DeThi01/src/model/LaiXe.java</file>
            <file>file:/C:/Users/ADMIN/Documents/NetBeansProjects/DeThi01/src/view/View.java</file>
            <file>file:/C:/Users/ADMIN/Documents/NetBeansProjects/DeThi01/src/controller/ControllerImp.java</file>
            <file>file:/C:/Users/ADMIN/Documents/NetBeansProjects/DeThi01/src/model/BangPhanCong.java</file>
            <file>file:/C:/Users/ADMIN/Documents/NetBeansProjects/DeThi01/src/view/HomeFrm.java</file>
            <file>file:/C:/Users/ADMIN/Documents/NetBeansProjects/DeThi01/src/controller/Controller.java</file>
            <file>file:/C:/Users/ADMIN/Documents/NetBeansProjects/DeThi01/src/model/Tuyen.java</file>
        </group>
    </open-files>
</project-private>
